{
	"EarthPosition":
		{
			"Latitude": 41.928821,
			"Longitude": 15.881693,
			"Altitude": 105.7306
		}
}