{
	"Latitude": 41.928800,
	"Longitude": 15.881701,
	"Altitude": 100.7306
}